geo_code,town,population,male_population,female_population,district,is_dimos
1000,Λευκωσία,55014,26520,28494,Λευκωσίας,True
1010,Άγιος Δομέτιος,12456,5861,6595,Λευκωσίας,True
1011,Έγκωμη,18010,8547,9463,Λευκωσίας,True
1012,Στροβόλος,67904,32248,35656,Λευκωσίας,True
1013,Αγλαντζιά,20783,9803,10980,Λευκωσίας,True
1021,Λακατάμεια,38345,18674,19671,Λευκωσίας,True
1022,Συνοικισμός Ανθούπολης,1756,767,989,Λευκωσίας,False
1023,Λατσιά,16774,8132,8642,Λευκωσίας,True
1024,Γέρι,8235,4065,4170,Λευκωσίας,False
1100,Σιά,754,368,386,Λευκωσίας,False
1101,Μαθιάτης,646,326,320,Λευκωσίας,False
1102,Αλάμπρα,1585,788,797,Λευκωσίας,False
1103,Αγία Βαρβάρα Λευκωσίας,2204,1102,1102,Λευκωσίας,False
1104,Κοτσιάτης,160,80,80,Λευκωσίας,False
1105,Νήσου,2179,1086,1093,Λευκωσίας,False
1106,Πέρα Χωριό,2637,1321,1316,Λευκωσίας,False
1107,Δάλι,10466,5246,5220,Λευκωσίας,True
1108,Λύμπια,2694,1384,1310,Λευκωσίας,False
1109,Λυθροδόντας,3043,1564,1479,Λευκωσίας,False
1110,Λουρουκίνα,11,6,5,Λευκωσίας,False
1120,Ποταμιά,505,257,248,Λευκωσίας,False
1121,Άγιος Σωζόμενος,11,10,1,Λευκωσίας,False
1200,Καμπί,97,47,50,Λευκωσίας,False
1201,Φαρμακάς,480,239,241,Λευκωσίας,False
1202,Απλίκι,87,43,44,Λευκωσίας,False
1203,Λαζανιάς,39,33,6,Λευκωσίας,False
1204,Γούρρη,196,94,102,Λευκωσίας,False
1205,Φικάρδου,15,7,8,Λευκωσίας,False
1206,Άγιος Επιφάνιος Ορεινής,412,203,209,Λευκωσίας,False
1207,Καλό Χωριό Ορεινής,734,359,375,Λευκωσίας,False
1208,Μαλούντα,490,251,239,Λευκωσίας,False
1209,Κλήρου,1847,942,905,Λευκωσίας,False
1210,Αρεδιού,1225,615,610,Λευκωσίας,False
1211,Άγιος Ιωάννης Μαλούντας,472,229,243,Λευκωσίας,False
1212,Αγροκηπιά,509,251,258,Λευκωσίας,False
1213,Μιτσερό,860,409,451,Λευκωσίας,False
1220,Καπέδες,572,309,263,Λευκωσίας,False
1221,Καταλιόντας,24,15,9,Λευκωσίας,False
1222,Αναλιόντας,443,215,228,Λευκωσίας,False
1223,Καμπιά,475,221,254,Λευκωσίας,False
1224,Μαργί,146,83,63,Λευκωσίας,False
1225,Τσέρι,7035,3474,3561,Λευκωσίας,False
1226,Πολιτικό,419,199,220,Λευκωσίας,False
1227,Πέρα,1372,671,701,Λευκωσίας,False
1228,Επισκοπειό,524,272,252,Λευκωσίας,False
1229,Ψιμολόφου,1626,831,795,Λευκωσίας,False
1230,Εργάτες,1792,938,854,Λευκωσίας,False
1231,Ανάγεια,1514,733,781,Λευκωσίας,False
1232,Πάνω Δευτερά,2789,1405,1384,Λευκωσίας,False
1233,Κάτω Δευτερά,2054,966,1088,Λευκωσίας,False
1240,Άγιοι Τριμιθιάς,1529,758,771,Λευκωσίας,False
1241,Παλαιομέτοχο,4145,2113,2032,Λευκωσίας,False
1242,Δένεια,373,181,192,Λευκωσίας,False
1243,Κοκκινοτριμιθιά,4077,2030,2047,Λευκωσίας,False
1244,Μάμμαρη,1592,797,795,Λευκωσίας,False
1300,Παλαιχώρι Μόρφου,686,330,356,Λευκωσίας,False
1301,Ασκάς,170,84,86,Λευκωσίας,False
1302,Άλωνα,67,28,39,Λευκωσίας,False
1303,Φτερικούδι,90,41,49,Λευκωσίας,False
1304,Πολύστυπος,128,60,68,Λευκωσίας,False
1305,Λαγουδερά,84,34,50,Λευκωσίας,False
1306,Σαράντι,44,20,24,Λευκωσίας,False
1307,Λιβάδια Λευκωσίας,18,9,9,Λευκωσίας,False
1308,Αληθινού,9,3,6,Λευκωσίας,False
1309,Πλατανιστάσα,117,49,68,Λευκωσίας,False
1310,Παλαιχώρι Ορεινής,333,165,168,Λευκωσίας,False
1320,Ξυλιάτος,138,72,66,Λευκωσίας,False
1321,Άγιος Γεώργιος Καυκάλλου,26,11,15,Λευκωσίας,False
1322,Νικητάρι,447,209,238,Λευκωσίας,False
1323,Βυζακιά,347,171,176,Λευκωσίας,False
1324,Αγία Μαρίνα Ξυλιάτου,568,270,298,Λευκωσίας,False
1325,Άγιοι Ηλιόφωτοι,60,55,5,Λευκωσίας,False
1326,Κάτω Μονή,339,168,171,Λευκωσίας,False
1327,Ορούντα,604,310,294,Λευκωσίας,False
1328,Πάνω Κουτραφάς,4,3,1,Λευκωσίας,False
1329,Κάτω Κουτραφάς,17,8,9,Λευκωσίας,False
1330,Ποτάμι,558,283,275,Λευκωσίας,False
1350,Πάνω Ζώδεια,15,12,3,Λευκωσίας,False
1360,Ακάκι,3003,1494,1509,Λευκωσίας,False
1361,Περιστερώνα Λευκωσίας,2226,1117,1109,Λευκωσίας,False
1362,Αστρομερίτης,2307,1158,1149,Λευκωσίας,False
1368,Μένικο,1023,511,512,Λευκωσίας,False
1400,Σπήλια,123,56,67,Λευκωσίας,False
1402,Αγία Ειρήνη Λευκωσίας,27,14,13,Λευκωσίας,False
1403,Καννάβια,129,59,70,Λευκωσίας,False
1404,Κακοπετριά,1274,603,671,Λευκωσίας,False
1405,Άγιος Θεόδωρος Σολέας,49,25,24,Λευκωσίας,False
1406,Γαλάτα,581,277,304,Λευκωσίας,False
1407,Σιναόρος,228,119,109,Λευκωσίας,False
1408,Καλιάνα,200,92,108,Λευκωσίας,False
1409,Τεμβριά,498,230,268,Λευκωσίας,False
1410,Κοράκου,521,248,273,Λευκωσίας,False
1411,Ευρύχου,827,385,442,Λευκωσίας,False
1412,Φλάσου,240,109,131,Λευκωσίας,False
1415,Ληνού,161,67,94,Λευκωσίας,False
1416,Κατύδατα,114,49,65,Λευκωσίας,False
1417,Σκουριώτισσα (Φουκάσα),11,4,7,Λευκωσίας,False
1420,Πεδουλάς,132,67,65,Λευκωσίας,False
1421,Μυλικούρι,17,8,9,Λευκωσίας,False
1422,Μουτουλλάς,174,79,95,Λευκωσίας,False
1423,Οίκος,158,78,80,Λευκωσίας,False
1424,Καλοπαναγιώτης,263,123,140,Λευκωσίας,False
1425,Γερακιές,75,27,48,Λευκωσίας,False
1426,Τσακίστρα,79,42,37,Λευκωσίας,False
1427,Κάμπος,271,114,157,Λευκωσίας,False
1456,Πάνω Πύργος,22,11,11,Λευκωσίας,False
1457,Κάτω Πύργος,1036,516,520,Λευκωσίας,False
1460,Πηγένια,107,52,55,Λευκωσίας,False
1461,Παχύαμμος,70,35,35,Λευκωσίας,False
1467,Μανσούρα,9,4,5,Λευκωσίας,False
1468,Μοσφίλι,20,6,14,Λευκωσίας,False
3100,Αγία Νάπα,3212,1611,1601,Αμμοχώστου,False
3101,Παραλίμνι,14963,7412,7551,Αμμοχώστου,False
3102,Δερύνεια,5844,2914,2930,Αμμοχώστου,False
3103,Σωτήρα Αμμοχώστου,5474,2761,2713,Αμμοχώστου,False
3104,Λιοπέτρι,4591,2276,2315,Αμμοχώστου,False
3105,Φρέναρος,4298,2119,2179,Αμμοχώστου,False
3110,Αυγόρου,4604,2300,2304,Αμμοχώστου,False
3111,Άχνα,2087,1051,1036,Αμμοχώστου,False
3114,Αχερίτου,1556,744,812,Αμμοχώστου,False
4000,Λάρνακα,51468,24613,26855,Λάρνακας,True
4010,Αραδίππου,19228,9554,9674,Λάρνακας,True
4011,Λιβάδια,7206,3521,3685,Λάρνακας,False
4012,Δρομολαξιά,5064,2462,2602,Λάρνακας,False
4013,Μενεού,1625,801,824,Λάρνακας,False
4100,Κελλιά,387,187,200,Λάρνακας,False
4101,Τρούλλοι,1175,606,569,Λάρνακας,False
4102,Bορόκληνη (Ορόκληνη),6134,3052,3082,Λάρνακας,False
4103,Αβδελλερό,218,102,116,Λάρνακας,False
4104,Πύλα,2771,1402,1369,Λάρνακας,False
4105,Ξυλοτύμβου,3655,1840,1815,Λάρνακας,False
4106,Ορμίδεια,4189,2026,2163,Λάρνακας,False
4107,Ξυλοφάγου,6231,3057,3174,Λάρνακας,False
4108,Πέργαμος,193,99,94,Λάρνακας,False
4110,Κίτι,4252,2054,2198,Λάρνακας,False
4111,Περιβόλια Λάρνακας,3009,1531,1478,Λάρνακας,False
4112,Τερσεφάνου,1299,663,636,Λάρνακας,False
4113,Σοφτάδες,62,29,33,Λάρνακας,False
4120,Μαζωτός,832,388,444,Λάρνακας,False
4121,Αλαμινός,345,174,171,Λάρνακας,False
4122,Αναφωτίδα,790,390,400,Λάρνακας,False
4123,Απλάντα,6,6,0,Λάρνακας,False
4124,Κιβισίλι,233,117,116,Λάρνακας,False
4125,Αλεθρικό,1101,538,563,Λάρνακας,False
4126,Κλαυδιά,427,205,222,Λάρνακας,False
4127,Αγγλισίδες,1146,588,558,Λάρνακας,False
4128,Μενόγεια,50,22,28,Λάρνακας,False
4202,Αθιένου,5017,2462,2555,Λάρνακας,False
4210,Καλό Χωριό Λάρνακας,1518,752,766,Λάρνακας,False
4211,Αγία Άννα,339,170,169,Λάρνακας,False
4212,Μοσφιλωτή,1365,674,691,Λάρνακας,False
4213,Ψευδάς,1261,622,639,Λάρνακας,False
4214,Πυργά (τα) Λάρνακας,812,422,390,Λάρνακας,False
4215,Κόρνος,2083,1060,1023,Λάρνακας,False
4216,Δελίκηπος,23,12,11,Λάρνακας,False
4300,Ζύγι,589,311,278,Λάρνακας,False
4301,Μαρί,158,83,75,Λάρνακας,False
4302,Καλαβασός,737,371,366,Λάρνακας,False
4303,Τόχνη,424,208,216,Λάρνακας,False
4304,Χοιροκoιτία,632,310,322,Λάρνακας,False
4305,Ψεματισμένος,271,130,141,Λάρνακας,False
4306,Μαρώνι,710,354,356,Λάρνακας,False
4307,Άγιος Θεόδωρος Λάρνακας,663,332,331,Λάρνακας,False
4308,Σκαρίνου,393,192,201,Λάρνακας,False
4309,Κοφίνου,1312,721,591,Λάρνακας,False
4310,Κάτω Λεύκαρα,128,60,68,Λάρνακας,False
4311,Πάνω Λεύκαρα,762,363,399,Λάρνακας,False
4312,Κάτω Δρυς,129,60,69,Λάρνακας,False
4313,Βάβλα,52,17,35,Λάρνακας,False
4314,Λάγεια,28,13,15,Λάρνακας,False
4315,Ορά,206,113,93,Λάρνακας,False
4316,Μελίνη,59,34,25,Λάρνακας,False
4317,Οδού,213,130,83,Λάρνακας,False
4318,Άγιοι Βαβατσινιάς,131,71,60,Λάρνακας,False
4319,Βαβατσινιά,81,42,39,Λάρνακας,False
5000,Λεμεσός,101000,48421,52579,Λεμεσού,True
5011,Μέσα Γειτονιά,14477,6943,7534,Λεμεσού,True
5012,Άγιος Αθανάσιος,14347,6760,7587,Λεμεσού,True
5013,Γερμασόγεια,13421,6494,6927,Λεμεσού,True
5020,Πάνω Πολεμίδια,3470,1699,1771,Λεμεσού,False
5021,Ύψωνας,11117,5529,5588,Λεμεσού,False
5022,Κάτω Πολεμίδια,22369,10903,11466,Λεμεσού,True
5100,Παλόδεια,1568,775,793,Λεμεσού,False
5101,Παραμύθα,569,279,290,Λεμεσού,False
5102,Σπιτάλι,316,148,168,Λεμεσού,False
5103,Φασούλα Λεμεσού,560,261,299,Λεμεσού,False
5104,Μαθικολώνη,174,85,89,Λεμεσού,False
5105,Γεράσα,69,31,38,Λεμεσού,False
5106,Αψιού,208,97,111,Λεμεσού,False
5107,Απεσιά,474,218,256,Λεμεσού,False
5108,Κορφή,199,102,97,Λεμεσού,False
5109,Λιμνάτης,314,144,170,Λεμεσού,False
5110,Καπηλειό,34,16,18,Λεμεσού,False
5120,Μουτταγιάκα,2939,1464,1475,Λεμεσού,False
5121,Αρμενοχώρι,218,104,114,Λεμεσού,False
5122,Φοινικάρια,339,160,179,Λεμεσού,False
5123,Ακρούντα,455,206,249,Λεμεσού,False
5124,Άγιος Τύχων,3455,1724,1731,Λεμεσού,False
5125,Παρεκκλησιά,2738,1333,1405,Λεμεσού,False
5126,Πεντάκωμο,644,318,326,Λεμεσού,False
5127,Μοναγρούλλι,536,260,276,Λεμεσού,False
5128,Μονή,622,321,301,Λεμεσού,False
5129,Πύργος Λεμεσού,2363,1172,1191,Λεμεσού,False
5130,Ασγάτα,417,208,209,Λεμεσού,False
5131,Βάσα Κελλακίου,73,33,40,Λεμεσού,False
5132,Σανίδα,42,21,21,Λεμεσού,False
5133,Πραστιό Κελλακίου,103,51,52,Λεμεσού,False
5134,Κλωνάρι,18,6,12,Λεμεσού,False
5135,Βίκλα,1,0,1,Λεμεσού,False
5136,Κελλάκι,299,148,151,Λεμεσού,False
5137,Ακαπνού,20,10,10,Λεμεσού,False
5138,Επταγώνεια,353,172,181,Λεμεσού,False
5140,Διερώνα,192,103,89,Λεμεσού,False
5141,Αρακαπάς,307,146,161,Λεμεσού,False
5142,Άγιος Παύλος,135,68,67,Λεμεσού,False
5143,Άγιος Κωνσταντίνος,137,69,68,Λεμεσού,False
5144,Συκόπετρα,120,60,60,Λεμεσού,False
5145,Λουβαράς,363,185,178,Λεμεσού,False
5146,Καλό Χωριό Λεμεσού,497,242,255,Λεμεσού,False
5147,Ζωοπηγή,140,69,71,Λεμεσού,False
5200,Ακρωτήρι,870,427,443,Λεμεσού,False
5201,Ασώματος Λεμεσού,726,361,365,Λεμεσού,False
5202,Τσερκέζοι,50,29,21,Λεμεσού,False
5203,Τραχώνι Λεμεσού,3952,1961,1991,Λεμεσού,False
5210,Κολόσσι,5651,2789,2862,Λεμεσού,False
5211,Ερήμη,2432,1178,1254,Λεμεσού,False
5212,Επισκοπή Λεμεσού,3681,1779,1902,Λεμεσού,False
5213,Καντού,349,166,183,Λεμεσού,False
5214,Σωτήρα Λεμεσού,143,72,71,Λεμεσού,False
5220,Πραστιό Αυδήμου,245,106,139,Λεμεσού,False
5221,Παραμάλι,220,110,110,Λεμεσού,False
5222,Αυδήμου,535,259,276,Λεμεσού,False
5223,Πλατανίστεια,45,22,23,Λεμεσού,False
5224,Άγιος Θωμάς,50,23,27,Λεμεσού,False
5225,Αλέκτορα,64,36,28,Λεμεσού,False
5226,Ανώγυρα,301,141,160,Λεμεσού,False
5227,Πισσούρι,1819,922,897,Λεμεσού,False
5300,Σούνι-Ζανακιά,837,420,417,Λεμεσού,False
5302,Άλασσα,282,132,150,Λεμεσού,False
5303,Κάτω Κιβίδες,5,3,2,Λεμεσού,False
5304,Πάνω Κιβίδες,707,352,355,Λεμεσού,False
5305,Άγιος Αμβρόσιος Λεμεσού,323,149,174,Λεμεσού,False
5306,Άγιος Θεράπων,125,57,68,Λεμεσού,False
5307,Λόφου,46,25,21,Λεμεσού,False
5308,Πάχνα,865,420,445,Λεμεσού,False
5310,Άγιος Γεώργιος Λεμεσού,111,54,57,Λεμεσού,False
5311,Δωρός,135,56,79,Λεμεσού,False
5312,Λάνεια,281,142,139,Λεμεσού,False
5313,Σιλίκου,137,61,76,Λεμεσού,False
5314,Μονάγρι,175,72,103,Λεμεσού,False
5315,Τριμήκληνη,307,142,165,Λεμεσού,False
5316,Άγιος Μάμας,114,40,74,Λεμεσού,False
5317,Κουκά,27,14,13,Λεμεσού,False
5318,Μονιάτης,275,126,149,Λεμεσού,False
5320,Δωρά,145,68,77,Λεμεσού,False
5322,Άρσος Λεμεσού,202,86,116,Λεμεσού,False
5323,Κισσούσα,6,3,3,Λεμεσού,False
5324,Μαλιά,64,32,32,Λεμεσού,False
5325,Βάσα Κοιλανίου,163,82,81,Λεμεσού,False
5326,Βουνί,149,72,77,Λεμεσού,False
5327,Πέρα Πεδί,120,59,61,Λεμεσού,False
5328,Μανδριά Λεμεσού,107,50,57,Λεμεσού,False
5329,Ποταμιού,36,14,22,Λεμεσού,False
5330,Όμοδος,322,148,174,Λεμεσού,False
5331,Κοιλάνι,216,91,125,Λεμεσού,False
5340,Άγιος Δημήτριος,54,15,39,Λεμεσού,False
5341,Παλαιόμυλος,20,7,13,Λεμεσού,False
5342,Πρόδρομος,123,53,70,Λεμεσού,False
5343,Καμινάρια,44,19,25,Λεμεσού,False
5344,Τρεις Ελιές,25,11,14,Λεμεσού,False
5345,Λεμίθου,88,38,50,Λεμεσού,False
5350,Κάτω Πλάτρες (Toρνάρηδες),148,68,80,Λεμεσού,False
5351,Πάνω Πλάτρες,239,109,130,Λεμεσού,False
5352,Φοινί,391,173,218,Λεμεσού,False
5355,Αμίαντος,228,114,114,Λεμεσού,False
5360,Άγιος Θεόδωρος Λεμεσού,65,31,34,Λεμεσού,False
5361,Άγιος Ιωάννης Λεμεσού,339,166,173,Λεμεσού,False
5362,Κάτω Μύλος,50,23,27,Λεμεσού,False
5363,Ποταμίτισσα,62,28,34,Λεμεσού,False
5364,Δύμες,165,81,84,Λεμεσού,False
5365,Πελένδρι,1074,528,546,Λεμεσού,False
5366,Αγρός,806,403,403,Λεμεσού,False
5367,Αγρίδια,104,48,56,Λεμεσού,False
5368,Χανδριά,162,75,87,Λεμεσού,False
5369,Κυπερούντα,1516,737,779,Λεμεσού,False
6000,Πάφος,32892,16204,16688,Πάφου,True
6010,Γεροσκήπου,7878,3904,3974,Πάφου,True
6011,Κονιά,2209,1094,1115,Πάφου,False
6012,Αγία Μαρινούδα,266,139,127,Πάφου,False
6014,Αχέλεια,145,78,67,Πάφου,False
6020,Χλώρακας,5356,2673,2683,Πάφου,False
6021,Λέμπα,506,235,271,Πάφου,False
6022,Έμπα,4855,2454,2401,Πάφου,False
6023,Τρεμιθούσα,1041,528,513,Πάφου,False
6024,Μέσα Χωριό,586,297,289,Πάφου,False
6025,Μεσόγη,1689,834,855,Πάφου,False
6026,Τάλα,2695,1315,1380,Πάφου,False
6027,Κισσόνεργα,2004,993,1011,Πάφου,False
6100,Κούκλια Πάφου,892,432,460,Πάφου,False
6101,Μανδριά Πάφου,893,456,437,Πάφου,False
6102,Νικόκλεια,121,52,69,Πάφου,False
6103,Σουσκιού,10,7,3,Πάφου,False
6104,Τίμη,1220,603,617,Πάφου,False
6106,Αγία Βαρβάρα Πάφου,172,86,86,Πάφου,False
6107,Αναρίτα,876,423,453,Πάφου,False
6110,Μαραθούντα,309,154,155,Πάφου,False
6111,Άρμου,600,291,309,Πάφου,False
6112,Επισκοπή Πάφου,220,103,117,Πάφου,False
6113,Νατά,181,90,91,Πάφου,False
6114,Χολέτρια,264,129,135,Πάφου,False
6115,Αξύλου,61,31,30,Πάφου,False
6116,Ελεδιό,44,21,23,Πάφου,False
6120,Τσάδα,1043,500,543,Πάφου,False
6121,Κοίλη,466,235,231,Πάφου,False
6122,Στρουμπί,540,269,271,Πάφου,False
6123,Πολέμι,848,408,440,Πάφου,False
6124,Καλλέπεια,326,152,174,Πάφου,False
6125,Λετύμβου,249,120,129,Πάφου,False
6127,Κούρδακα,7,4,3,Πάφου,False
6128,Λεμώνα,51,25,26,Πάφου,False
6129,Χούλου,147,59,88,Πάφου,False
6130,Ακουρσός,22,14,8,Πάφου,False
6132,Κάθικας,438,222,216,Πάφου,False
6133,Πέγεια,3953,1969,1984,Πάφου,True
6200,Πάνω Aρχιμανδρίτα,43,19,24,Πάφου,False
6201,Φασούλα Πάφου,56,31,25,Πάφου,False
6202,Μούσερε,2,1,1,Πάφου,False
6204,Μαμώνια,51,23,28,Πάφου,False
6205,Άγιος Γεώργιος Πάφου,101,57,44,Πάφου,False
6206,Σταυροκόννου,56,28,28,Πάφου,False
6207,Πραστιό Πάφου,8,3,5,Πάφου,False
6208,Τραχυπέδουλα,64,27,37,Πάφου,False
6210,Κελοκέδαρα,193,78,115,Πάφου,False
6211,Σαλαμιού,265,131,134,Πάφου,False
6212,Κιδάσι,11,6,5,Πάφου,False
6213,Κέδαρες,80,35,45,Πάφου,False
6214,Μέσανα,31,12,19,Πάφου,False
6215,Πραιτώρι,23,10,13,Πάφου,False
6216,Φιλούσα Κελοκεδάρων,17,7,10,Πάφου,False
6217,Αρμίνου,24,7,17,Πάφου,False
6218,Άγιος Νικόλαος Πάφου,61,30,31,Πάφου,False
6219,Άγιος Ιωάννης Πάφου,29,12,17,Πάφου,False
6220,Αμαργέτη,209,83,126,Πάφου,False
6221,Αγία Μαρίνα Κελοκεδάρων,37,15,22,Πάφου,False
6222,Πενταλιά,63,31,32,Πάφου,False
6223,Φάλεια,2,2,0,Πάφου,False
6224,Γαλαταριά,56,26,30,Πάφου,False
6225,Κοιλίνεια,39,17,22,Πάφου,False
6226,Βρέτσια,1,1,0,Πάφου,False
6227,Στατός-Άγιος Φώτιος,243,106,137,Πάφου,False
6229,Μαμούνταλη,18,10,8,Πάφου,False
6230,Πάνω Παναγιά,481,234,247,Πάφου,False
6231,Ασπρογιά,60,31,29,Πάφου,False
6300,Ψάθι,110,55,55,Πάφου,False
6301,Άγιος Δημητριανός,91,42,49,Πάφου,False
6302,Κανναβιού,175,87,88,Πάφου,False
6303,Θρινιά,55,27,28,Πάφου,False
6304,Μηλιά Πάφου,14,7,7,Πάφου,False
6305,Κρίτου Μαρόττου,85,46,39,Πάφου,False
6306,Φύτη,150,74,76,Πάφου,False
6307,Λάσα,67,22,45,Πάφου,False
6308,Δρύμου,110,52,58,Πάφου,False
6310,Σίμου,185,90,95,Πάφου,False
6311,Αναδιού,17,9,8,Πάφου,False
6312,Σαραμά,2,2,0,Πάφου,False
6313,Ευρέτου,3,1,2,Πάφου,False
6315,Φιλούσα Χρυσοχούς,31,12,19,Πάφου,False
6318,Μελάδεια,17,9,8,Πάφου,False
6319,Μελάνδρα,2,2,0,Πάφου,False
6320,Λυσός,205,95,110,Πάφου,False
6321,Περιστερώνα Πάφου,302,151,151,Πάφου,False
6330,Θελέτρα,269,130,139,Πάφου,False
6331,Γιόλου,762,371,391,Πάφου,False
6332,Πάνω Ακουρδάλεια,44,18,26,Πάφου,False
6333,Μηλιού,89,41,48,Πάφου,False
6334,Κάτω Ακουρδάλεια,65,29,36,Πάφου,False
6335,Τέρα,36,16,20,Πάφου,False
6336,Κρίτου Τέρα,86,36,50,Πάφου,False
6337,Σκούλλη,65,29,36,Πάφου,False
6338,Χόλη,83,42,41,Πάφου,False
6339,Λουκρούνου,4,2,2,Πάφου,False
6340,Καραμούλληδες,33,17,16,Πάφου,False
6341,Χρυσοχού,132,61,71,Πάφου,False
6343,Πόλις Χρυσοχούς,2018,1028,990,Πάφου,True
6344,Νέο Χωριό Πάφου,519,248,271,Πάφου,False
6345,Γουδί,204,96,108,Πάφου,False
6350,Κάτω Αρόδες,39,18,21,Πάφου,False
6351,Πάνω Αρόδες,135,63,72,Πάφου,False
6352,'Ινεια,385,204,181,Πάφου,False
6353,Δρούσεια,405,205,200,Πάφου,False
6355,Ανδρολίκου,34,23,11,Πάφου,False
6360,Πελαθούσα,57,29,28,Πάφου,False
6361,Κυνούσα,71,33,38,Πάφου,False
6362,Μακούντα,116,68,48,Πάφου,False
6363,Αργάκα,1078,556,522,Πάφου,False
6364,Γιαλιά,202,103,99,Πάφου,False
6365,Αγία Μαρίνα Χρυσοχούς,647,312,335,Πάφου,False
6366,Νέα Δήμματα,50,26,24,Πάφου,False
6367,Πομός,448,233,215,Πάφου,False
6368,Στενή,173,79,94,Πάφου,False
