geo_code,town,population,male_population,female_population,district,is_dimos,lat,lon
1000,Λευκωσία,55014,26520,28494,Λευκωσίας,True,35.1855659,33.38227639999999
1010,Άγιος Δομέτιος,12456,5861,6595,Λευκωσίας,True,35.1727869,33.3290916
1011,Έγκωμη,18010,8547,9463,Λευκωσίας,True,35.1538229,33.3169542
1012,Στροβόλος,67904,32248,35656,Λευκωσίας,True,35.1436629,33.3437909
1013,Αγλαντζιά,20783,9803,10980,Λευκωσίας,True,35.1498034,33.394086
1021,Λακατάμεια,38345,18674,19671,Λευκωσίας,True,35.1185656,33.3145382
1022,Συνοικισμός Ανθούπολης,1756,767,989,Λευκωσίας,False,35.1139513,33.2896786
1023,Λατσιά,16774,8132,8642,Λευκωσίας,True,35.1063639,33.3782668
1024,Γέρι,8235,4065,4170,Λευκωσίας,False,35.1075703,33.422429
1100,Σιά,754,368,386,Λευκωσίας,False,34.9552892,33.3894743
1101,Μαθιάτης,646,326,320,Λευκωσίας,False,34.9630255,33.3366467
1102,Αλάμπρα,1585,788,797,Λευκωσίας,False,34.9884546,33.3988433
1103,Αγία Βαρβάρα Λευκωσίας,2204,1102,1102,Λευκωσίας,False,34.9968356,33.3694007
1104,Κοτσιάτης,160,80,80,Λευκωσίας,False,35.0128665,33.3499895
1105,Νήσου,2179,1086,1093,Λευκωσίας,False,35.022874,33.3947933
1106,Πέρα Χωριό,2637,1321,1316,Λευκωσίας,False,35.0145628,33.3941585
1107,Δάλι,10466,5246,5220,Λευκωσίας,True,35.0195632,33.4192946
1108,Λύμπια,2694,1384,1310,Λευκωσίας,False,34.9936909,33.4593569
1109,Λυθροδόντας,3043,1564,1479,Λευκωσίας,False,34.9506716,33.2950563
1110,Λουρουκίνα,11,6,5,Λευκωσίας,False,35.0175999,33.466379
1120,Ποταμιά,505,257,248,Λευκωσίας,False,35.042813,33.4456716
1121,Άγιος Σωζόμενος,11,10,1,Λευκωσίας,False,35.0646628,33.4398281
1200,Καμπί,97,47,50,Λευκωσίας,False,34.9080634,33.1288812
1201,Φαρμακάς,480,239,241,Λευκωσίας,False,34.9112924,33.1343514
1202,Απλίκι,87,43,44,Λευκωσίας,False,34.9318078,33.1186243
1203,Λαζανιάς,39,33,6,Λευκωσίας,False,34.9487288,33.1742979
1204,Γούρρη,196,94,102,Λευκωσίας,False,34.9575257,33.1584404
1205,Φικάρδου,15,7,8,Λευκωσίας,False,34.9591986,33.1712295
1206,Άγιος Επιφάνιος Ορεινής,412,203,209,Λευκωσίας,False,34.9961577,33.1203351
1207,Καλό Χωριό Ορεινής,734,359,375,Λευκωσίας,False,35.0057783,33.1622181
1208,Μαλούντα,490,251,239,Λευκωσίας,False,35.0363735,33.1827657
1209,Κλήρου,1847,942,905,Λευκωσίας,False,35.0213564,33.1777225
1210,Αρεδιού,1225,615,610,Λευκωσίας,False,35.0484051,33.1960743
1211,Άγιος Ιωάννης Μαλούντας,472,229,243,Λευκωσίας,False,35.0658877,33.1834671
1212,Αγροκηπιά,509,251,258,Λευκωσίας,False,35.0445032,33.1551245
1213,Μιτσερό,860,409,451,Λευκωσίας,False,35.041331,33.1284236
1220,Καπέδες,572,309,263,Λευκωσίας,False,34.9773458,33.2551542
1221,Καταλιόντας,24,15,9,Λευκωσίας,False,34.9947436,33.3080301
1222,Αναλιόντας,443,215,228,Λευκωσίας,False,35.0077483,33.2900824
1223,Καμπιά,475,221,254,Λευκωσίας,False,35.007253,33.25644279999999
1224,Μαργί,146,83,63,Λευκωσίας,False,35.0239031,33.3258557
1225,Τσέρι,7035,3474,3561,Λευκωσίας,False,35.0707866,33.3247626
1226,Πολιτικό,419,199,220,Λευκωσίας,False,35.0281829,33.24271170000001
1227,Πέρα,1372,671,701,Λευκωσίας,False,35.0328461,33.2554262
1228,Επισκοπειό,524,272,252,Λευκωσίας,False,35.0406022,33.2443993
1229,Ψιμολόφου,1626,831,795,Λευκωσίας,False,35.0608691,33.2597062
1230,Εργάτες,1792,938,854,Λευκωσίας,False,35.0541055,33.2436859
1231,Ανάγεια,1514,733,781,Λευκωσίας,False,35.074869,33.2516708
1232,Πάνω Δευτερά,2789,1405,1384,Λευκωσίας,False,35.0817107,33.2672173
1233,Κάτω Δευτερά,2054,966,1088,Λευκωσίας,False,35.08804,33.2784486
1240,Άγιοι Τριμιθιάς,1529,758,771,Λευκωσίας,False,35.1144181,33.2112256
1241,Παλαιομέτοχο,4145,2113,2032,Λευκωσίας,False,35.1268061,33.1921206
1242,Δένεια,373,181,192,Λευκωσίας,False,35.166721,33.1442206
1243,Κοκκινοτριμιθιά,4077,2030,2047,Λευκωσίας,False,35.1527991,33.1999632
1244,Μάμμαρη,1592,797,795,Λευκωσίας,False,35.1756676,33.2048502
1300,Παλαιχώρι Μόρφου,686,330,356,Λευκωσίας,False,34.922316,33.0920661
1301,Ασκάς,170,84,86,Λευκωσίας,False,34.9294664,33.0777752
1302,Άλωνα,67,28,39,Λευκωσίας,False,34.9343103,33.0396346
1303,Φτερικούδι,90,41,49,Λευκωσίας,False,34.94257,33.069487
1304,Πολύστυπος,128,60,68,Λευκωσίας,False,34.9396288,33.0177915
1305,Λαγουδερά,84,34,50,Λευκωσίας,False,34.9621334,33.0103115
1306,Σαράντι,44,20,24,Λευκωσίας,False,34.96905050000001,32.9997237
1307,Λιβάδια Λευκωσίας,18,9,9,Λευκωσίας,False,34.9461332,33.0230728
1308,Αληθινού,9,3,6,Λευκωσίας,False,34.9476497,33.0286702
1309,Πλατανιστάσα,117,49,68,Λευκωσίας,False,34.9472628,33.0454434
1310,Παλαιχώρι Ορεινής,333,165,168,Λευκωσίας,False,35.0057783,33.1622181
1320,Ξυλιάτος,138,72,66,Λευκωσίας,False,35.0295134,33.0435849
1321,Άγιος Γεώργιος Καυκάλλου,26,11,15,Λευκωσίας,False,35.037046,33.0124773
1322,Νικητάρι,447,209,238,Λευκωσίας,False,35.0693398,32.9917153
1323,Βυζακιά,347,171,176,Λευκωσίας,False,35.0770303,33.0148195
1324,Αγία Μαρίνα Ξυλιάτου,568,270,298,Λευκωσίας,False,35.04922380000001,33.0566598
1325,Άγιοι Ηλιόφωτοι,60,55,5,Λευκωσίας,False,35.059456,33.104036
1326,Κάτω Μονή,339,168,171,Λευκωσίας,False,35.0612836,33.0932799
1327,Ορούντα,604,310,294,Λευκωσίας,False,35.1028182,33.0941709
1328,Πάνω Κουτραφάς,4,3,1,Λευκωσίας,False,35.0854271,32.9828841
1329,Κάτω Κουτραφάς,17,8,9,Λευκωσίας,False,35.1016736,32.9779895
1330,Ποτάμι,558,283,275,Λευκωσίας,False,35.1046562,33.028789
1350,Πάνω Ζώδεια,15,12,3,Λευκωσίας,False,35.1386371,32.9860159
1360,Ακάκι,3003,1494,1509,Λευκωσίας,False,35.1337357,33.1288417
1361,Περιστερώνα Λευκωσίας,2226,1117,1109,Λευκωσίας,False,35.1305014,33.0798116
1362,Αστρομερίτης,2307,1158,1149,Λευκωσίας,False,35.139698,33.0369494
1368,Μένικο,1023,511,512,Λευκωσίας,False,35.1112587,33.146156
1400,Σπήλια,123,56,67,Λευκωσίας,False,34.9666909,32.9549718
1402,Αγία Ειρήνη Λευκωσίας,27,14,13,Λευκωσίας,False,34.9814562,32.9698159
1403,Καννάβια,129,59,70,Λευκωσίας,False,34.9830613,32.9771541
1404,Κακοπετριά,1274,603,671,Λευκωσίας,False,34.9899859,32.9036838
1405,Άγιος Θεόδωρος Σολέας,49,25,24,Λευκωσίας,False,35.042596,32.9284861
1406,Γαλάτα,581,277,304,Λευκωσίας,False,34.997626,32.8986815
1407,Σιναόρος,228,119,109,Λευκωσίας,False,35.0099216,32.8981879
1408,Καλιάνα,200,92,108,Λευκωσίας,False,35.012206,32.8826138
1409,Τεμβριά,498,230,268,Λευκωσίας,False,35.0280035,32.89178
1410,Κοράκου,521,248,273,Λευκωσίας,False,35.0403045,32.8857482
1411,Ευρύχου,827,385,442,Λευκωσίας,False,35.0427354,32.9012972
1412,Φλάσου,240,109,131,Λευκωσίας,False,35.060795,32.8874946
1415,Ληνού,161,67,94,Λευκωσίας,False,35.0729964,32.8919527
1416,Κατύδατα,114,49,65,Λευκωσίας,False,35.0817895,32.8874154
1417,Σκουριώτισσα (Φουκάσα),11,4,7,Λευκωσίας,False,35.0916578,32.885038
1420,Πεδουλάς,132,67,65,Λευκωσίας,False,34.9686392,32.827564
1421,Μυλικούρι,17,8,9,Λευκωσίας,False,34.9611506,32.7519984
1422,Μουτουλλάς,174,79,95,Λευκωσίας,False,34.983339,32.8245664
1423,Οίκος,158,78,80,Λευκωσίας,False,35.0002913,32.8299929
1424,Καλοπαναγιώτης,263,123,140,Λευκωσίας,False,34.9916085,32.8282406
1425,Γερακιές,75,27,48,Λευκωσίας,False,35.0003791,32.8051677
1426,Τσακίστρα,79,42,37,Λευκωσίας,False,35.0246263,32.7225721
1427,Κάμπος,271,114,157,Λευκωσίας,False,35.0392022,32.7324144
1456,Πάνω Πύργος,22,11,11,Λευκωσίας,False,35.1556574,32.6829413
1457,Κάτω Πύργος,1036,516,520,Λευκωσίας,False,35.1813827,32.6856272
1460,Πηγένια,107,52,55,Λευκωσίας,False,35.1710158,32.656798
1461,Παχύαμμος,70,35,35,Λευκωσίας,False,35.1707749,32.584818
1467,Μανσούρα,9,4,5,Λευκωσίας,False,35.1869582,32.6360673
1468,Μοσφίλι,20,6,14,Λευκωσίας,False,35.1810885,32.6311244
3100,Αγία Νάπα,3212,1611,1601,Αμμοχώστου,False,34.9887366,34.0002782
3101,Παραλίμνι,14963,7412,7551,Αμμοχώστου,False,35.0375882,33.9814728
3102,Δερύνεια,5844,2914,2930,Αμμοχώστου,False,35.062854,33.960628
3103,Σωτήρα Αμμοχώστου,5474,2761,2713,Αμμοχώστου,False,35.0284699,33.9513191
3104,Λιοπέτρι,4591,2276,2315,Αμμοχώστου,False,35.0096685,33.8929049
3105,Φρέναρος,4298,2119,2179,Αμμοχώστου,False,35.0432562,33.924892
3110,Αυγόρου,4604,2300,2304,Αμμοχώστου,False,35.0370977,33.8401219
3111,Άχνα,2087,1051,1036,Αμμοχώστου,False,35.0565168,33.7797054
3114,Αχερίτου,1556,744,812,Αμμοχώστου,False,35.0970715,33.8522923
4000,Λάρνακα,51468,24613,26855,Λάρνακας,True,34.9182222,33.6200625
4010,Αραδίππου,19228,9554,9674,Λάρνακας,True,34.9521888,33.5908529
4011,Λιβάδια,7206,3521,3685,Λάρνακας,False,34.9490765,33.6275272
4012,Δρομολαξιά,5064,2462,2602,Λάρνακας,False,34.8761451,33.5857563
4013,Μενεού,1625,801,824,Λάρνακας,False,34.8618571,33.5954577
4100,Κελλιά,387,187,200,Λάρνακας,False,34.9769024,33.6233665
4101,Τρούλλοι,1175,606,569,Λάρνακας,False,35.0150309,33.6216611
4102,Bορόκληνη (Ορόκληνη),6134,3052,3082,Λάρνακας,False,34.9828802,33.6558907
4103,Αβδελλερό,218,102,116,Λάρνακας,False,35.0101559,33.5693912
4104,Πύλα,2771,1402,1369,Λάρνακας,False,35.0134077,33.6922186
4105,Ξυλοτύμβου,3655,1840,1815,Λάρνακας,False,35.0153362,33.7407024
4106,Ορμίδεια,4189,2026,2163,Λάρνακας,False,34.9923198,33.7791944
4107,Ξυλοφάγου,6231,3057,3174,Λάρνακας,False,34.9761878,33.8487527
4108,Πέργαμος,193,99,94,Λάρνακας,False,35.0486587,33.6958809
4110,Κίτι,4252,2054,2198,Λάρνακας,False,34.8464781,33.5727305
4111,Περιβόλια Λάρνακας,3009,1531,1478,Λάρνακας,False,34.828698,33.5798536
4112,Τερσεφάνου,1299,663,636,Λάρνακας,False,34.8548144,33.5468888
4113,Σοφτάδες,62,29,33,Λάρνακας,False,34.8336242,33.5481414
4120,Μαζωτός,832,388,444,Λάρνακας,False,34.8038652,33.4872724
4121,Αλαμινός,345,174,171,Λάρνακας,False,34.8070417,33.4335814
4122,Αναφωτίδα,790,390,400,Λάρνακας,False,34.8246869,33.4633383
4123,Απλάντα,6,6,0,Λάρνακας,False,34.8290869,33.4743605
4124,Κιβισίλι,233,117,116,Λάρνακας,False,34.8397473,33.5058046
4125,Αλεθρικό,1101,538,563,Λάρνακας,False,34.8581994,33.4948446
4126,Κλαυδιά,427,205,222,Λάρνακας,False,34.8933791,33.51483
4127,Αγγλισίδες,1146,588,558,Λάρνακας,False,34.8534791,33.4565974
4128,Μενόγεια,50,22,28,Λάρνακας,False,34.8438208,33.4407763
4202,Αθιένου,5017,2462,2555,Λάρνακας,False,35.0617995,33.5399098
4210,Καλό Χωριό Λάρνακας,1518,752,766,Λάρνακας,False,34.9274852,33.5370018
4211,Αγία Άννα,339,170,169,Λάρνακας,False,34.9431755,33.4815517
4212,Μοσφιλωτή,1365,674,691,Λάρνακας,False,34.9506826,33.4287225
4213,Ψευδάς,1261,622,639,Λάρνακας,False,34.9512771,33.4631238
4214,Πυργά (τα) Λάρνακας,812,422,390,Λάρνακας,False,34.9260101,33.4313872
4215,Κόρνος,2083,1060,1023,Λάρνακας,False,34.9225644,33.3964523
4216,Δελίκηπος,23,12,11,Λάρνακας,False,34.9159428,33.3620252
4300,Ζύγι,589,311,278,Λάρνακας,False,34.7276131,33.3349628
4301,Μαρί,158,83,75,Λάρνακας,False,34.7414054,33.2989795
4302,Καλαβασός,737,371,366,Λάρνακας,False,34.7724293,33.2959772
4303,Τόχνη,424,208,216,Λάρνακας,False,34.7819948,33.3231306
4304,Χοιροκoιτία,632,310,322,Λάρνακας,False,34.7966222,33.33558
4305,Ψεματισμένος,271,130,141,Λάρνακας,False,34.7676625,33.3461719
4306,Μαρώνι,710,354,356,Λάρνακας,False,34.7572546,33.3573334
4307,Άγιος Θεόδωρος Λάρνακας,663,332,331,Λάρνακας,False,34.7987765,33.3836411
4308,Σκαρίνου,393,192,201,Λάρνακας,False,34.8214575,33.3590151
4309,Κοφίνου,1312,721,591,Λάρνακας,False,34.8256084,33.3893174
4310,Κάτω Λεύκαρα,128,60,68,Λάρνακας,False,34.8633533,33.3146816
4311,Πάνω Λεύκαρα,762,363,399,Λάρνακας,False,34.8673535,33.3053345
4312,Κάτω Δρυς,129,60,69,Λάρνακας,False,34.8516158,33.3045466
4313,Βάβλα,52,17,35,Λάρνακας,False,34.8414268,33.2688594
4314,Λάγεια,28,13,15,Λάρνακας,False,34.8434883,33.2475593
4315,Ορά,206,113,93,Λάρνακας,False,34.8617787,33.19513
4316,Μελίνη,59,34,25,Λάρνακας,False,34.867097,33.1571512
4317,Οδού,213,130,83,Λάρνακας,False,34.8855322,33.1507464
4318,Άγιοι Βαβατσινιάς,131,71,60,Λάρνακας,False,34.8798262,33.190932
4319,Βαβατσινιά,81,42,39,Λάρνακας,False,34.8933235,33.2293042
5000,Λεμεσός,101000,48421,52579,Λεμεσού,True,34.6786322,33.0413055
5011,Μέσα Γειτονιά,14477,6943,7534,Λεμεσού,True,34.6982601,33.0455093
5012,Άγιος Αθανάσιος,14347,6760,7587,Λεμεσού,True,34.7109373,33.0597452
5013,Γερμασόγεια,13421,6494,6927,Λεμεσού,True,34.7227518,33.0845277
5020,Πάνω Πολεμίδια,3470,1699,1771,Λεμεσού,False,34.7098925,32.99206040000001
5021,Ύψωνας,11117,5529,5588,Λεμεσού,False,34.6882836,32.9612103
5022,Κάτω Πολεμίδια,22369,10903,11466,Λεμεσού,True,34.689381,33.0087394
5100,Παλόδεια,1568,775,793,Λεμεσού,False,34.7448585,33.0057813
5101,Παραμύθα,569,279,290,Λεμεσού,False,34.7612191,32.9950889
5102,Σπιτάλι,316,148,168,Λεμεσού,False,34.7634165,33.0035795
5103,Φασούλα Λεμεσού,560,261,299,Λεμεσού,False,34.763803,33.0267096
5104,Μαθικολώνη,174,85,89,Λεμεσού,False,34.7747644,33.0477977
5105,Γεράσα,69,31,38,Λεμεσού,False,34.8026925,32.9958715
5106,Αψιού,208,97,111,Λεμεσού,False,34.7975112,33.0167299
5107,Απεσιά,474,218,256,Λεμεσού,False,34.7888153,32.9791008
5108,Κορφή,199,102,97,Λεμεσού,False,34.7943298,32.9657546
5109,Λιμνάτης,314,144,170,Λεμεσού,False,34.813109,32.9476114
5110,Καπηλειό,34,16,18,Λεμεσού,False,34.8322135,32.9579111
5120,Μουτταγιάκα,2939,1464,1475,Λεμεσού,False,34.7207324,33.1007555
5121,Αρμενοχώρι,218,104,114,Λεμεσού,False,34.7447112,33.1295812
5122,Φοινικάρια,339,160,179,Λεμεσού,False,34.7530522,33.0983787
5123,Ακρούντα,455,206,249,Λεμεσού,False,34.7656682,33.0812791
5124,Άγιος Τύχων,3455,1724,1731,Λεμεσού,False,34.7258619,33.1404129
5125,Παρεκκλησιά,2738,1333,1405,Λεμεσού,False,34.7435844,33.1600766
5126,Πεντάκωμο,644,318,326,Λεμεσού,False,34.7389726,33.2411553
5127,Μοναγρούλλι,536,260,276,Λεμεσού,False,34.7482813,33.2120933
5128,Μονή,622,321,301,Λεμεσού,False,34.7390692,33.2012827
5129,Πύργος Λεμεσού,2363,1172,1191,Λεμεσού,False,34.7417862,33.1832043
5130,Ασγάτα,417,208,209,Λεμεσού,False,34.7792675,33.255693
5131,Βάσα Κελλακίου,73,33,40,Λεμεσού,False,34.8039688,33.2158763
5132,Σανίδα,42,21,21,Λεμεσού,False,34.8072135,33.1899321
5133,Πραστιό Κελλακίου,103,51,52,Λεμεσού,False,34.8118472,33.142338
5134,Κλωνάρι,18,6,12,Λεμεσού,False,34.8264806,33.1813508
5135,Βίκλα,1,0,1,Λεμεσού,False,34.8272657,33.1957503
5136,Κελλάκι,299,148,151,Λεμεσού,False,34.8158446,33.1575597
5137,Ακαπνού,20,10,10,Λεμεσού,False,34.8393982,33.1863636
5138,Επταγώνεια,353,172,181,Λεμεσού,False,34.8464289,33.1579238
5140,Διερώνα,192,103,89,Λεμεσού,False,34.8296739,33.1117782
5141,Αρακαπάς,307,146,161,Λεμεσού,False,34.8440054,33.1141272
5142,Άγιος Παύλος,135,68,67,Λεμεσού,False,34.8626574,33.0455842
5143,Άγιος Κωνσταντίνος,137,69,68,Λεμεσού,False,34.8674197,33.0650055
5144,Συκόπετρα,120,60,60,Λεμεσού,False,34.8786689,33.1112506
5145,Λουβαράς,363,185,178,Λεμεσού,False,34.8348747,33.0381446
5146,Καλό Χωριό Λεμεσού,497,242,255,Λεμεσού,False,34.849626,33.0242499
5147,Ζωοπηγή,140,69,71,Λεμεσού,False,34.862776,33.0152868
5200,Ακρωτήρι,870,427,443,Λεμεσού,False,34.6016136,32.9557945
5201,Ασώματος Λεμεσού,726,361,365,Λεμεσού,False,34.6379699,32.9573383
5202,Τσερκέζοι,50,29,21,Λεμεσού,False,34.6530262,32.9904151
5203,Τραχώνι Λεμεσού,3952,1961,1991,Λεμεσού,False,34.6563694,32.9626282
5210,Κολόσσι,5651,2789,2862,Λεμεσού,False,34.670786,32.9338168
5211,Ερήμη,2432,1178,1254,Λεμεσού,False,34.6818602,32.9202321
5212,Επισκοπή Λεμεσού,3681,1779,1902,Λεμεσού,False,34.6704716,32.9021979
5213,Καντού,349,166,183,Λεμεσού,False,34.6906882,32.9074609
5214,Σωτήρα Λεμεσού,143,72,71,Λεμεσού,False,34.7112765,32.8621753
5220,Πραστιό Αυδήμου,245,106,139,Λεμεσού,False,34.729241,32.7788665
5221,Παραμάλι,220,110,110,Λεμεσού,False,34.6763581,32.7926458
5222,Αυδήμου,535,259,276,Λεμεσού,False,34.6926313,32.7631264
5223,Πλατανίστεια,45,22,23,Λεμεσού,False,34.7121681,32.7102032
5224,Άγιος Θωμάς,50,23,27,Λεμεσού,False,34.7158993,32.7256983
5225,Αλέκτορα,64,36,28,Λεμεσού,False,34.7089706,32.683038
5226,Ανώγυρα,301,141,160,Λεμεσού,False,34.7392189,32.7335508
5227,Πισσούρι,1819,922,897,Λεμεσού,False,34.6767071,32.6992551
5300,Σούνι-Ζανακιά,837,420,417,Λεμεσού,False,34.7382364,32.8821021
5302,Άλασσα,282,132,150,Λεμεσού,False,34.7625613,32.9290054
5303,Κάτω Κιβίδες,5,3,2,Λεμεσού,False,34.7645768,32.8632719
5304,Πάνω Κιβίδες,707,352,355,Λεμεσού,False,34.7586387,32.8527046
5305,Άγιος Αμβρόσιος Λεμεσού,323,149,174,Λεμεσού,False,34.7809352,32.8266361
5306,Άγιος Θεράπων,125,57,68,Λεμεσού,False,34.7976533,32.8400793
5307,Λόφου,46,25,21,Λεμεσού,False,34.8141177,32.8749029
5308,Πάχνα,865,420,445,Λεμεσού,False,34.7781308,32.79443850000001
5310,Άγιος Γεώργιος Λεμεσού,111,54,57,Λεμεσού,False,34.8151304,32.8984644
5311,Δωρός,135,56,79,Λεμεσού,False,34.816113,32.9101584
5312,Λάνεια,281,142,139,Λεμεσού,False,34.8242267,32.9208191
5313,Σιλίκου,137,61,76,Λεμεσού,False,34.8324613,32.8901075
5314,Μονάγρι,175,72,103,Λεμεσού,False,34.8092578,32.9109593
5315,Τριμήκληνη,307,142,165,Λεμεσού,False,34.8484869,32.911182
5316,Άγιος Μάμας,114,40,74,Λεμεσού,False,34.8511033,32.9487543
5317,Κουκά,27,14,13,Λεμεσού,False,34.8516033,32.8870972
5318,Μονιάτης,275,126,149,Λεμεσού,False,34.868825,32.897145
5320,Δωρά,145,68,77,Λεμεσού,False,34.7816186,32.7378222
5322,Άρσος Λεμεσού,202,86,116,Λεμεσού,False,34.8410556,32.7692686
5323,Κισσούσα,6,3,3,Λεμεσού,False,34.8101445,32.7935055
5324,Μαλιά,64,32,32,Λεμεσού,False,34.8168712,32.78317090000001
5325,Βάσα Κοιλανίου,163,82,81,Λεμεσού,False,34.8331824,32.7925858
5326,Βουνί,149,72,77,Λεμεσού,False,34.8230959,32.83388360000001
5327,Πέρα Πεδί,120,59,61,Λεμεσού,False,34.8591819,32.8786132
5328,Μανδριά Λεμεσού,107,50,57,Λεμεσού,False,34.8700469,32.8326114
5329,Ποταμιού,36,14,22,Λεμεσού,False,34.8236864,32.8067249
5330,Όμοδος,322,148,174,Λεμεσού,False,34.8489219,32.8077875
5331,Κοιλάνι,216,91,125,Λεμεσού,False,34.8437635,32.8609064
5340,Άγιος Δημήτριος,54,15,39,Λεμεσού,False,34.9255557,32.8093553
5341,Παλαιόμυλος,20,7,13,Λεμεσού,False,34.9346806,32.8208957
5342,Πρόδρομος,123,53,70,Λεμεσού,False,34.949966,32.8326008
5343,Καμινάρια,44,19,25,Λεμεσού,False,34.9279581,32.7837628
5344,Τρεις Ελιές,25,11,14,Λεμεσού,False,34.9328386,32.793992
5345,Λεμίθου,88,38,50,Λεμεσού,False,34.9510501,32.8138436
5350,Κάτω Πλάτρες (Toρνάρηδες),148,68,80,Λεμεσού,False,34.8797205,32.8420213
5351,Πάνω Πλάτρες,239,109,130,Λεμεσού,False,34.8880353,32.8643444
5352,Φοινί,391,173,218,Λεμεσού,False,34.8938825,32.8365745
5355,Αμίαντος,228,114,114,Λεμεσού,False,34.9173137,32.9370119
5360,Άγιος Θεόδωρος Λεμεσού,65,31,34,Λεμεσού,False,34.8937915,33.0331615
5361,Άγιος Ιωάννης Λεμεσού,339,166,173,Λεμεσού,False,34.6776126,33.0183948
5362,Κάτω Μύλος,50,23,27,Λεμεσού,False,34.8946913,33.006335
5363,Ποταμίτισσα,62,28,34,Λεμεσού,False,34.9075123,32.9897087
5364,Δύμες,165,81,84,Λεμεσού,False,34.91693410000001,32.9843429
5365,Πελένδρι,1074,528,546,Λεμεσού,False,34.8959786,32.96608
5366,Αγρός,806,403,403,Λεμεσού,False,34.9173092,33.0177292
5367,Αγρίδια,104,48,56,Λεμεσού,False,34.9300599,33.0029056
5368,Χανδριά,162,75,87,Λεμεσού,False,34.9443393,32.9943517
5369,Κυπερούντα,1516,737,779,Λεμεσού,False,34.9413934,32.9680834
6000,Πάφος,32892,16204,16688,Πάφου,True,34.77539489999999,32.4217786
6010,Γεροσκήπου,7878,3904,3974,Πάφου,True,34.7600248,32.4533949
6011,Κονιά,2209,1094,1115,Πάφου,False,34.7851789,32.4588099
6012,Αγία Μαρινούδα,266,139,127,Πάφου,False,34.7599385,32.475741
6014,Αχέλεια,145,78,67,Πάφου,False,34.7385788,32.4851825
6020,Χλώρακας,5356,2673,2683,Πάφου,False,34.7988017,32.4084312
6021,Λέμπα,506,235,271,Πάφου,False,34.8085959,32.4084564
6022,Έμπα,4855,2454,2401,Πάφου,False,34.8099351,32.4230508
6023,Τρεμιθούσα,1041,528,513,Πάφου,False,34.8170284,32.4460164
6024,Μέσα Χωριό,586,297,289,Πάφου,False,34.8090289,32.4616974
6025,Μεσόγη,1689,834,855,Πάφου,False,34.8153325,32.4543097
6026,Τάλα,2695,1315,1380,Πάφου,False,34.8388506,32.4348263
6027,Κισσόνεργα,2004,993,1011,Πάφου,False,34.8232973,32.4019769
6100,Κούκλια Πάφου,892,432,460,Πάφου,False,34.7085717,32.5767309
6101,Μανδριά Πάφου,893,456,437,Πάφου,False,34.7154419,32.5323996
6102,Νικόκλεια,121,52,69,Πάφου,False,34.7301801,32.5758216
6103,Σουσκιού,10,7,3,Πάφου,False,34.7332478,32.6024302
6104,Τίμη,1220,603,617,Πάφου,False,34.731714,32.5165011
6106,Αγία Βαρβάρα Πάφου,172,86,86,Πάφου,False,34.7520911,32.5105131
6107,Αναρίτα,876,423,453,Πάφου,False,34.7404252,32.5335875
6110,Μαραθούντα,309,154,155,Πάφου,False,34.7911516,32.4879837
6111,Άρμου,600,291,309,Πάφου,False,34.7993207,32.4800409
6112,Επισκοπή Πάφου,220,103,117,Πάφου,False,34.7913403,32.5224084
6113,Νατά,181,90,91,Πάφου,False,34.781723,32.5664662
6114,Χολέτρια,264,129,135,Πάφου,False,34.7637137,32.5989955
6115,Αξύλου,61,31,30,Πάφου,False,34.8057785,32.563136
6116,Ελεδιό,44,21,23,Πάφου,False,34.8092298,32.568433
6120,Τσάδα,1043,500,543,Πάφου,False,34.8386369,32.4748826
6121,Κοίλη,466,235,231,Πάφου,False,34.8602383,32.4547343
6122,Στρουμπί,540,269,271,Πάφου,False,34.8839902,32.4825424
6123,Πολέμι,848,408,440,Πάφου,False,34.8857342,32.5076477
6124,Καλλέπεια,326,152,174,Πάφου,False,34.8461805,32.5006167
6125,Λετύμβου,249,120,129,Πάφου,False,34.856678,32.5134516
6127,Κούρδακα,7,4,3,Πάφου,False,34.8508634,32.532419
6128,Λεμώνα,51,25,26,Πάφου,False,34.861236,32.5580041
6129,Χούλου,147,59,88,Πάφου,False,34.8718331,32.5573602
6130,Ακουρσός,22,14,8,Πάφου,False,34.8869001,32.4214343
6132,Κάθικας,438,222,216,Πάφου,False,34.9127034,32.4255259
6133,Πέγεια,3953,1969,1984,Πάφου,True,34.8833497,32.3874598
6200,Πάνω Aρχιμανδρίτα,43,19,24,Πάφου,False,34.7508805,32.678098
6201,Φασούλα Πάφου,56,31,25,Πάφου,False,34.7605476,32.6261529
6202,Μούσερε,2,1,1,Πάφου,False,34.7706678,32.7153863
6204,Μαμώνια,51,23,28,Πάφου,False,34.7707116,32.637913
6205,Άγιος Γεώργιος Πάφου,101,57,44,Πάφου,False,34.7785071,32.6506835
6206,Σταυροκόννου,56,28,28,Πάφου,False,34.7851907,32.6205557
6207,Πραστιό Πάφου,8,3,5,Πάφου,False,34.7864199,32.6975277
6208,Τραχυπέδουλα,64,27,37,Πάφου,False,34.8005436,32.67903
6210,Κελοκέδαρα,193,78,115,Πάφου,False,34.812669,32.651683
6211,Σαλαμιού,265,131,134,Πάφου,False,34.8402408,32.68935340000001
6212,Κιδάσι,11,6,5,Πάφου,False,34.8074659,32.7129631
6213,Κέδαρες,80,35,45,Πάφου,False,34.8363418,32.7363927
6214,Μέσανα,31,12,19,Πάφου,False,34.8486304,32.7065946
6215,Πραιτώρι,23,10,13,Πάφου,False,34.8484702,32.7450064
6216,Φιλούσα Κελοκεδάρων,17,7,10,Πάφου,False,34.8519845,32.7429059
6217,Αρμίνου,24,7,17,Πάφου,False,34.8618628,32.7205644
6218,Άγιος Νικόλαος Πάφου,61,30,31,Πάφου,False,34.8610893,32.7538382
6219,Άγιος Ιωάννης Πάφου,29,12,17,Πάφου,False,34.8680543,32.6913444
6220,Αμαργέτη,209,83,126,Πάφου,False,34.8243445,32.5819849
6221,Αγία Μαρίνα Κελοκεδάρων,37,15,22,Πάφου,False,34.8286879,32.6143271
6222,Πενταλιά,63,31,32,Πάφου,False,34.8557334,32.6205763
6223,Φάλεια,2,2,0,Πάφου,False,34.8598345,32.5892388
6224,Γαλαταριά,56,26,30,Πάφου,False,34.8767607,32.6315142
6225,Κοιλίνεια,39,17,22,Πάφου,False,34.8838038,32.6311071
6226,Βρέτσια,1,1,0,Πάφου,False,34.8919505,32.6584646
6227,Στατός-Άγιος Φώτιος,243,106,137,Πάφου,False,34.8908714,32.6100276
6229,Μαμούνταλη,18,10,8,Πάφου,False,34.9182126,32.6185085
6230,Πάνω Παναγιά,481,234,247,Πάφου,False,34.9183849,32.6312675
6231,Ασπρογιά,60,31,29,Πάφου,False,34.9234331,32.6146158
6300,Ψάθι,110,55,55,Πάφου,False,34.8991387,32.5319407
6301,Άγιος Δημητριανός,91,42,49,Πάφου,False,34.9059984,32.5491193
6302,Κανναβιού,175,87,88,Πάφου,False,34.9143807,32.5736517
6303,Θρινιά,55,27,28,Πάφου,False,34.9155537,32.5292338
6304,Μηλιά Πάφου,14,7,7,Πάφου,False,34.9199155,32.5406498
6305,Κρίτου Μαρόττου,85,46,39,Πάφου,False,34.9264302,32.5627575
6306,Φύτη,150,74,76,Πάφου,False,34.9287321,32.5437806
6307,Λάσα,67,22,45,Πάφου,False,34.9247093,32.5264217
6308,Δρύμου,110,52,58,Πάφου,False,34.9249699,32.5138505
6310,Σίμου,185,90,95,Πάφου,False,34.9413377,32.5043632
6311,Αναδιού,17,9,8,Πάφου,False,34.9441646,32.5655461
6312,Σαραμά,2,2,0,Πάφου,False,34.9564109,32.5293492
6313,Ευρέτου,3,1,2,Πάφου,False,34.9608642,32.4851742
6315,Φιλούσα Χρυσοχούς,31,12,19,Πάφου,False,34.9736336,32.5039406
6318,Μελάδεια,17,9,8,Πάφου,False,34.9882599,32.5059663
6319,Μελάνδρα,2,2,0,Πάφου,False,34.9891662,32.5252841
6320,Λυσός,205,95,110,Πάφου,False,34.9950847,32.5118457
6321,Περιστερώνα Πάφου,302,151,151,Πάφου,False,34.9903928,32.4894814
6330,Θελέτρα,269,130,139,Πάφου,False,34.9097587,32.4506238
6331,Γιόλου,762,371,391,Πάφου,False,34.9220437,32.4773453
6332,Πάνω Ακουρδάλεια,44,18,26,Πάφου,False,34.9418405,32.4442421
6333,Μηλιού,89,41,48,Πάφου,False,34.9199155,32.5406498
6334,Κάτω Ακουρδάλεια,65,29,36,Πάφου,False,34.9525454,32.4510228
6335,Τέρα,36,16,20,Πάφου,False,34.9665212,32.4252917
6336,Κρίτου Τέρα,86,36,50,Πάφου,False,34.9563636,32.4221575
6337,Σκούλλη,65,29,36,Πάφου,False,34.9805895,32.4511485
6338,Χόλη,83,42,41,Πάφου,False,34.9798091,32.4432561
6339,Λουκρούνου,4,2,2,Πάφου,False,34.9525261,32.4643859
6340,Καραμούλληδες,33,17,16,Πάφου,False,34.9974219,32.4460161
6341,Χρυσοχού,132,61,71,Πάφου,False,35.0028267,32.4415719
6343,Πόλις Χρυσοχούς,2018,1028,990,Πάφου,True,35.0339441,32.4253751
6344,Νέο Χωριό Πάφου,519,248,271,Πάφου,False,35.0262351,32.3649403
6345,Γουδί,204,96,108,Πάφου,False,34.9917688,32.4422174
6350,Κάτω Αρόδες,39,18,21,Πάφου,False,34.9402845,32.402483
6351,Πάνω Αρόδες,135,63,72,Πάφου,False,34.9365816,32.4084331
6352,'Ινεια,385,204,181,Πάφου,False,34.9560179,32.3929482
6353,Δρούσεια,405,205,200,Πάφου,False,34.9627965,32.3975751
6355,Ανδρολίκου,34,23,11,Πάφου,False,34.9986703,32.3816437
6360,Πελαθούσα,57,29,28,Πάφου,False,35.0274576,32.4755946
6361,Κυνούσα,71,33,38,Πάφου,False,35.0322713,32.5072741
6362,Μακούντα,116,68,48,Πάφου,False,35.050278,32.4862995
6363,Αργάκα,1078,556,522,Πάφου,False,35.0656694,32.4890747
6364,Γιαλιά,202,103,99,Πάφου,False,35.0959515,32.532579
6365,Αγία Μαρίνα Χρυσοχούς,647,312,335,Πάφου,False,35.119776,32.5132347
6366,Νέα Δήμματα,50,26,24,Πάφου,False,35.1352796,32.5216363
6367,Πομός,448,233,215,Πάφου,False,35.1611706,32.5455055
6368,Στενή,173,79,94,Πάφου,False,34.9982246,32.4718991
